"var","p","p.adjust","test_stat","cv.n","pop.n"
"1","wc2.1_2.5m_prec_03","0","0","13643885674","98643","253250"
"2","wc2.1_2.5m_srad_03","0.0380609448269942","0.26642661378896","12434530640.5","98643","253250"
"3","wc2.1_2.5m_tavg_03","0","0","10299087363.5","98643","253250"
"4","wc2.1_2.5m_tmax_03","0","0","10523166346.5","98643","253250"
"5","wc2.1_2.5m_tmin_03","0","0","10083398325","98643","253250"
"6","wc2.1_2.5m_vapr_03","0","0","10414330664.5","98643","253250"
"7","wc2.1_2.5m_wind_03","0.281786079575517","1","12519800696.5","98643","253250"
