"var","Up","Up.adjust","Utest_stat","KSp","KSp.adjust","KStest_stat","cv.n","pop.n"
"1","wc2.1_2.5m_prec_03","0","0","13643885674","0","0","0.149976878641987","98643","253250"
"2","wc2.1_2.5m_srad_03","0.0380609448269942","0.26642661378896","12434530640.5","0","0","0.0871411599532008","98643","253250"
"3","wc2.1_2.5m_tavg_03","0","0","10299087363.5","0","0","0.119191094584909","98643","253250"
"4","wc2.1_2.5m_tmax_03","0","0","10523166346.5","0","0","0.124130828211486","98643","253250"
"5","wc2.1_2.5m_tmin_03","0","0","10083398325","0","0","0.142708314232827","98643","253250"
"6","wc2.1_2.5m_vapr_03","0","0","10414330664.5","0","0","0.167076934734856","98643","253250"
"7","wc2.1_2.5m_wind_03","0.281786079575517","1","12519800696.5","0","0","0.0554533988114069","98643","253250"
