"var","w.testp","w.testp.adjust","w.test_stat","KSp","KSp.adjust","KStest_stat","scv2.n","pop.n"
"1","tavg","0.000848850756195254","0.00594195529336678","146860","5.89253090765851e-10","4.12477163536096e-09","0.20703125","23375","4796"
"2","tmax","0.00262651914228694","0.0183856339960086","145308","3.88712617649389e-10","2.72098832354573e-09","0.208984375","23375","4796"
"3","tmin","0.000904007959398223","0.00632805571578756","146777","5.39915700703553e-07","3.77940990492487e-06","0.171875","23375","4796"
"4","prec","4.77811875993516e-07","3.34468313195461e-06","154898","1.99840144432528e-15","1.3988810110277e-14","0.259765625","23375","4796"
"5","srad","0.0665260674336852","0.465682472035797","139755","1.87010489061112e-05","0.000130907342342779","0.150390625","23375","4796"
"6","wind","0.300676897606366","1","135970","0.00828605733743804","0.0580024013620662","0.103515625","23375","4796"
"7","vapr","0.00121049656312571","0.00847347594187999","146387","7.07898184515443e-11","4.9552872916081e-10","0.216796875","23375","4796"
